id,category_name,category_name_es,description;;
"1,Beading & Jewelry Making,Abalorios y Fabricación de Joyería,""Envío de insumos para fabricación artesanal de joyería y bisutería: cuentas de vidrio, cristal, madera, acrílico y metal";" mostacillas, rocallas, perlas artificiales, dijes, dijes metálicos, cierres, argollas, alambres de joyería, pinzas, tenazas, hilo nylon, cordón de cuero, cadenas, remaches y kits completos de bisutería.""";
"2,Fabric Decorating,Decoración de Telas,""Envío de productos para decorar y personalizar telas: pinturas textiles en spray y pomo, tintes para ropa, estampillas de tela, planchas para sublimación, transfer térmico, tintas de serigrafía, plantillas adhesivas, glitter textil, parches termoadhesivos y bordados decorativos.""";;
"3,Knitting & Crochet Supplies,Insumos de Tejido y Crochet,""Envío de materiales para tejido a palillo y crochet: lanas de oveja, acrílica, merino y alpaca";" madejas de hilo de algodón y bambú, agujas circulares y rectas de distintos calibres, ganchillos ergonómicos, marcadores de puntos, agujas laneras, accesorios de tejido, kits de inicio para tejer y patrones impresos.""";
"4,Printmaking Supplies,Insumos de Grabado y Estampación,""Envío de materiales para grabado y estampación artística: tintas de grabado al agua y al aceite, rodillos de linóleo, planchas de linóleo y madera, raspadores, prensas de grabado, papeles de grabado, ácidos para aguafuerte, pantallas de serigrafía, emulsión fotosensible y espátulas.""";;
"5,Scrapbooking & Stamping Supplies,Insumos de Scrapbooking y Sellos,""Envío de materiales para scrapbooking y estampado decorativo: álbumes de tapa dura, papeles decorativos de doble cara, sellos de goma y acrílico, almohadillas de tinta, troqueladores, punzones decorativos, washi tape, stickers, eyelets, brads, cintas decorativas y cajas de almacenamiento para manualidades.""";;
"6,Sewing Products,Productos de Costura,""Envío de productos de costura: máquinas de coser domésticas e industriales, overlock y recubridoras";" hilos de algodón, poliéster y seda en carretes, agujas universales y especiales, dedales, descosedores, cintas métricas, tizas de costura, patrones, cremalleras, botones, elásticos, entretela y accesorios para máquina.""";
"7,Craft & Hobby Fabric,Telas para Manualidades y Hobbies,""Envío de telas para manualidades y hobbies: fieltro, tul, organza, encaje, tela aida para bordado, loneta, yute, lino, algodón estampado, cuero sintético, vinilo, foam EVA, telas metalizadas, paños de colores y retazos surtidos.""";;
"8,Needlework Supplies,Insumos de Bordado y Labores,""Envío de materiales para labores de aguja: kits de bordado con lienzo y estambre, hilos de bordado DMC, hilo de seda y metálico, tela aida de distintos conteos, bastidores de madera y plástico, agujas de bordado, kits de punto de cruz, tapicería en cañamazo y conjuntos de bordado en cinta.""";;
"9,""Arts, Crafts & Sewing Storage"",""Almacenamiento para Arte, Manualidades y Costura"",""Envío de soluciones de almacenamiento para manualidades: organizadores de hilo y agujas, cajas modulares con compartimentos, carritos con ruedas para materiales de arte, maletines para pinturas, porta-hilos giratorios, estantes de pared, bolsas acolchadas para costura y cajones apilables para materiales.""";;
"10,""Painting, Drawing & Art Supplies"",""Insumos de Pintura, Dibujo y Bellas Artes"",""Envío de materiales artísticos: pinceles de acuarela, óleo y acrílico"; lienzos entelados y en rollo, pinturas al óleo, acrílicas, acuarelas y gouache;" lápices de grafito y de colores, pasteles, carboncillos, marcadores artísticos, espátulas, paletas, caballetes, bloques de papel de acuarela, tintas China y sets completos de bellas artes."""
"11,Craft Supplies & Materials,Insumos y Materiales para Manualidades,""Envío de insumos generales para manualidades: silicón en barra y pistola de silicón, cartulinas y cartón prensado, foamy liso y con glitter, tijeras de manualidades, cutter, base de corte, cinta doble cara, pegamento en barra y líquido, alambre floral, arcilla polimérica, resina epóxica, moldes de silicona, lentejuelas y cuentas decorativas.""";;
"12,Gift Wrapping Supplies,Insumos para Envoltura de Regalos,""Envío de materiales para envoltura de regalos: papel de regalo estampado y liso en rollo y pliegos, papel tissue, bolsas de regalo de papel y tela, cajas de regalo, moños, lazos y cintas decorativas, papel kraft, celofán, tarjetas de mensaje, etiquetas adhesivas y relleno de virutas.""";;
"13,Party Decorations,Decoraciones para Fiestas,""Envío de decoraciones para fiestas: globos de látex y aluminio, guirnaldas de papel y tela, banners de cumpleaños y celebraciones, centros de mesa, confeti, serpentinas, colgantes, arcos de globos, letras y números de foami, flores artificiales decorativas y manteles de plástico.""";;
"14,Automotive Paint & Paint Supplies,Pintura Automotriz e Insumos de Pintura,""Envío de productos para pintura automotriz: pinturas en aerosol y base agua para carrocería, primer surfacer, masillas de relleno, lijas automotrices de diferentes granos, cintas de enmascarar, barniz transparente, catalizadores, thinner, pistolas de pintar tipo HVLP, lámparas de secado infrarrojo y productos de preparación de superficie.""";;
"15,Heavy Duty & Commercial Vehicle Equipment,Equipamiento para Vehículos Pesados y Comerciales,""Envío de equipamiento para vehículos pesados y comerciales: frenos de tambor y disco para camiones, ejes y diferenciales, cajas de cambio, sistemas de escape diésel, suspensiones reforzadas, lonas de carga, quinta rueda, plataformas de carga, sistemas hidráulicos de volteo, baterías de alto amperaje y herramientas de diagnóstico para flotas.""";;
"16,Automotive Tires & Wheels,Neumáticos y Rines Automotrices,""Envío de neumáticos y rines para automóviles: llantas de verano, invierno y todo terreno en distintas medidas";" neumáticos de alto rendimiento, neumáticos run-flat, cámaras de aire, rines de aleación de aluminio, rines de acero, tapones y emblemas de rines, válvulas de aire y kits de montaje.""";
"17,Automotive Tools & Equipment,Herramientas y Equipos Automotrices,""Envío de herramientas y equipo para taller automotriz: llaves de torsión y de impacto, elevadores tipo gato hidráulico y tijera, soportes de seguridad, escáneres OBD2 de diagnóstico, compresores de aire, pistolas neumáticas, extractores de baleros, detectores de gases, cargadores de batería, linternas de trabajo y cabina de pintura portátil.""";;
"18,Automotive Performance Parts & Accessories,Partes de Alto Rendimiento y Accesorios Automotrices,""Envío de partes de alto rendimiento: turbocargadores y supercargadores, intercoolers, escapes deportivos de titanio y acero inoxidable, filtros de aire de alto flujo, kits de suspensión coilover, frenos de disco perforados, centralinas de reprogramación (ECU), barras estabilizadoras, kits de admisión de frío y embragues reforzados.""";;
"19,Car Care,Cuidado del Automóvil,""Envío de productos para mantenimiento y cuidado estético del auto: shampoo para autos, cera de carnauba y sintética, pulidores y abrillantadores, desengrasantes, limpiadores de tapizado, restaurador de plásticos, vidrios y gomas";" limpiadores de llantas, toallas de microfibra automotriz, aspiradoras portátiles y kits de pulido completo.""";
"20,Oils & Fluids,Aceites y Fluidos Automotrices,""Envío de lubricantes y fluidos automotrices: aceites de motor sintético, semisintético y mineral en distintas viscosidades";" aceite de caja automática y manual, aceite de diferencial, líquido de frenos DOT3/DOT4/DOT5, líquido refrigerante anticongelante, líquido de dirección asistida, fluido de transmisión automática ATF y aditivos para motor.""";
"21,Automotive Replacement Parts,Repuestos y Refacciones Automotrices,""Envío de repuestos y refacciones automotrices: pastillas y discos de freno, filtros de aceite, aire y combustible";" bujías, bobinas de encendido, correas de distribución y accesorias, alternadores, arrancadores, radiadores, amortiguadores, baleros de rueda, juntas de motor, termostatos, sensores de oxígeno y partes de carrocería.""";
"22,""Lights, Bulbs & Indicators"",""Luces, Bombillas e Indicadores"",""Envío de iluminación automotriz: focos halógenos, xenón (HID) y LED para faros delanteros y traseros";" luces de niebla, luces de freno, cuartos laterales, luces de reversa, tiras LED de ambiente interior, luces DRL, bombillas para tablero e indicadores, kits de conversión de luz LED y luces estroboscópicas.""";
"23,Automotive Interior Accessories,Accesorios para Interior de Vehículos,""Envío de accesorios para el interior del auto: fundas de asiento de cuero y tela, tapetes de hule y alfombra, volantes deportivos, cubiertas de volante, organizadores de maletero, visores parasol, pantallas multimedia para reposacabezas, cojines lumbar, ambientadores, cubiertas para palanca de cambios y consolas centrales.""";;
"24,Automotive Exterior Accessories,Accesorios para Exterior de Vehículos,""Envío de accesorios exteriores para vehículos: deflectores de ventana, viseras de lluvia, cubiertas de auto, portabicicletas y portaequipajes para techo, estribos laterales, spoilers, calcomanías, protectores de defensa, molduras de acero inoxidable, limpiaparabrisas de alta calidad y cámaras de retroceso.""";;
"25,Automotive Enthusiast Merchandise,Mercancía para Entusiastas Automotrices,""Envío de artículos coleccionables y mercancía para entusiastas automotrices: miniaturas de autos a escala, camisetas y gorras de marcas automotrices, posters, libros de historia automotriz, modelos de ensamble, llaveros de marca, tazas temáticas y figuras decorativas de automóviles.""";;
"26,Car Electronics & Accessories,Electrónica y Accesorios para Automóvil,""Envío de electrónica automotriz: autoestéreos con pantalla táctil y Android Auto/CarPlay, amplificadores y subwoofers, cámaras de reversa y dashcams, sistemas de alarma y rastreo GPS, sensores de estacionamiento, cargadores inalámbricos para auto, adaptadores Bluetooth, inversores de corriente y monitores de presión de llantas (TPMS).""";;
"27,RV Parts & Accessories,Partes y Accesorios para Casas Rodantes,""Envío de partes y accesorios para casas rodantes (RV): generadores de gasolina y propano, conexiones de agua y electricidad para campamentos, neumáticos para RV, paneles solares portátiles, toldo retráctil, estabilizadores de nivelación, filtros de agua, sistemas de gas LP, cámaras de reversa para remolque y escalerillas.""";;
"28,Motorcycle & Powersports,Motocicletas y Deportes Motorizados,""Envío de productos para motocicletas y deportes motorizados: cascos integrales y modulares, guantes de moto, chaquetas y pantalones de cuero y textil, botas de moto, repuestos como cadenas, sprockets, pastillas de freno, llantas de moto, escapes deportivos, manillares, retrovisores, fundas de moto y accesorios para ATV y jet ski.""";;
"29,Baby Diapering Products,Productos para Cambio de Pañal,""Envío de productos para el cambio de pañal: pañales desechables de recién nacido a talla grande, pañales de tela lavables, toallitas húmedas sin fragancia e hipoalergénicas, cremas para rozaduras con óxido de zinc, cambiadores portátiles, alfombrillas desechables para cambio, contenedores de pañales y bolsas perfumadas para desechar.""";;
"30,Baby & Toddler Feeding Supplies,Insumos de Alimentación para Bebés y Niños Pequeños,""Envío de utensilios y suministros para alimentación infantil: biberones anticólicos de vidrio y plástico, chupones de silicona por etapas, tazas antiderrame tipo sippy, cuchara de destete, baberos impermeables, platos y cubiertos de silicona con ventosa, extractores de leche materna eléctricos y manuales, bolsas para leche materna, esterilizadores y calentadores de biberones.""";;
"31,Pregnancy & Maternity Products,Productos para Embarazo y Maternidad,""Envío de productos para embarazadas: ropa de maternidad premamá como pantalones con faja elástica y vestidos, fajas de soporte lumbar y abdominal, almohadas de maternidad en forma de C y U, cremas antiestrías, cinturones pélvicos, monitores de frecuencia cardíaca fetal, test de embarazo y suplementos vitamínicos prenatales.""";;
"32,Child Safety Car Seats & Accessories,Sillas de Seguridad Infantil para Auto y Accesorios,""Envío de sillas de seguridad vial infantil: sillas de bebé orientadas hacia atrás (rear-facing), sillas convertibles, sillas con arnés de 5 puntos para niños mayores, sillas booster, bases ISOFIX, protectores de asiento para el respaldo del auto y espejos retrovisores para vigilar al bebé en el asiento trasero.""";;
"33,Baby Safety Products,Productos de Seguridad para Bebés,""Envío de productos de seguridad infantil para el hogar: cerraduras de seguridad para cajones y armarios, protectores de esquinas, tapones para tomacorrientes, barreras y rejas de seguridad para escaleras y puertas, protectores de chimenea, cierres magnéticos, monitores de bebé con cámara y audio, y alarmas de detección de movimiento.""";;
"34,Toilet Training Products,Productos para Entrenamiento de Baño,""Envío de productos para el entrenamiento de control de esfínteres: orinales y pelelas infantiles, reductores de inodoro con asiento acolchado, escalerillas de baño antideslizantes, pañales de entrenamiento tipo calzoncillo, libros ilustrados para entrenamiento y kits de premiación con pegatinas.""";;
"35,Baby Care Products,Productos de Cuidado para Bebés,""Envío de productos de higiene y cuidado del bebé: shampoo y gel de baño sin lágrimas, crema hidratante para bebé, aceite de bebé, talco, cortaúñas y lima para bebé, peinillas y cepillos de cerdas suaves, aspiradores nasales, termómetros digitales de oído y de frente, algodones, cotonetes y sets de cuidado completo.""";;
"36,Baby Travel Gear,Equipo de Viaje para Bebés,""Envío de equipo de viaje para bebés: bolsas de pañales con cambiador incluido, mochilas de maternidad, portabebés ergonómicos de tela y estructura, arneses para bebé, almohadas de viaje para cuello, camas de viaje plegables, monitores de temperatura portátiles y cubiertas para lluvia y sol.""";;
"38,Baby Activity & Entertainment Products,Productos de Actividad y Entretenimiento para Bebés,""Envío de productos de estimulación y entretenimiento para bebés: gimnasios de actividades con móvil musical, hamacas y mecedoras eléctricas, asientos vibrador-relajante, centros de actividades, sonajeros de colores, juguetes de mordedor de silicona, alfombras de juego con espejo, proyectores de luces y música para cuna.""";;
"39,Baby Gifts,Regalos para Bebés,""Envío de regalos para bebés y baby shower: canastillas con set de ropa, kit de baño, manta personalizada, libro de memorias del primer año, sets de joyería de plata para bebé, peluches personalizados, cajas de regalo temáticas y sets de inicio completos para recién nacido.""";;
"40,Baby Stationery,Papelería para Bebés,""Envío de papelería para bebés: invitaciones de baby shower personalizadas, tarjetas de anuncio de nacimiento, álbumes de fotos del primer año, libros de firmas para baby shower, etiquetas adhesivas de nacimiento y agendas o diarios para mamá.""";;
"41,""Nursery Furniture, Bedding & Décor"",""Muebles, Ropa de Cama y Decoración para Cuarto de Bebé"",""Envío de mobiliario y decoración para cuarto de bebé: cunas de madera con barandas ajustables, cambiadores y cómodas, mecedoras de lactancia, colchones de cuna antialérgicos, sábanas y franelas, protectores de cuna acolchados, móviles musicales, vaporetas de ambiente, alfombras suaves, cortinas y vinilos decorativos para pared.""";;
"42,Baby,Bebés,""Envío de productos generales para bebés y recién nacidos, incluyendo ropa, artículos de cuidado, accesorios y juguetes para etapas tempranas del desarrollo.""";;
"43,Baby Boys' Clothing & Shoes,Ropa y Calzado para Bebés Varones,""Envío de ropa y calzado para bebés varones: bodies de algodón manga corta y larga, pijamas enterizas, conjuntos de camisa y pantalón, gorros, calcetines, zapatitos de tela y cuero, mameluco y sets de ropa de regalo para recién nacido.""";;
"44,Baby Strollers & Accessories,Carriolas y Accesorios para Bebés,""Envío de coches y accesorios para bebé: carriolas individuales y dobles, sistemas de viaje (travel system con huevo), sillas tipo paragua ligeras, carritos para jogging, adaptadores para asiento de auto, cubiertas para lluvia y mosquitero, bolsas de carreola, reposapiés y protector solar con visera.""";;
"45,Beauty & Personal Care,Belleza y Cuidado Personal,""Envío de productos de belleza y cuidado personal en general: cosméticos, cremas, fragancias, productos capilares, artículos de higiene, herramientas de belleza y suplementos para la apariencia personal.""";;
"46,Perfumes & Fragrances,Perfumes y Fragancias,""Envío de fragancias y perfumería: perfumes Eau de Parfum y Eau de Toilette para hombre y mujer, colonias ligeras, body splash, aceites esenciales aromáticos, perfumes de autor y nicho, sets de regalo con perfume y loción corporal, difusores de aroma personal y muestras de perfumería.""";;
"47,Hair Care Products,Productos para el Cuidado del Cabello,""Envío de productos para el cuidado del cabello: shampoo y acondicionador para todo tipo de cabello, mascarillas de hidratación, aceites capilares de argán, coco y keratina, tintes y decolorantes, tratamientos de queratina profesional, sprays de protección térmica, sueros antiencrespamiento, champú seco y kits de coloración.""";;
"48,Makeup,Maquillaje,""Envío de cosméticos y maquillaje: bases líquidas y en polvo, correctores, contour y iluminadores, sombras de ojos en paleta, delineadores líquidos y en lápiz, máscaras de pestañas, labiales mate y gloss, rubores y bronzers, fijadores de maquillaje, primers y sets completos de cosméticos.""";;
"49,Skin Care Products,Productos para el Cuidado de la Piel,""Envío de productos para el cuidado de la piel: limpiadores faciales, tónicos, serums de vitamina C, ácido hialurónico y retinol, cremas hidratantes, contorno de ojos, protector solar SPF 30 y 50, mascarillas de arcilla y lámina, exfoliantes faciales, micelares y cremas corporales.""";;
"50,Beauty Tools & Accessories,Herramientas y Accesorios de Belleza,""Envío de herramientas de belleza: planchas de cabello cerámicas y de titanio, rizadores de barril y de tenaza, secadoras de cabello iónicas, cepillos eléctricos Brush Styler, sets de brochas de maquillaje, esponjas de aplicación, rodillos de jade y cuarzo, dispositivos LED faciales y limpiadoras sónicas.""";;
"51,""Foot, Hand & Nail Care Products"",""Productos para Cuidado de Pies, Manos y Uñas"",""Envío de productos para manos, pies y uñas: esmaltes de uñas gel y tradicional, bases y top coat, removedores de esmalte, limas de vidrio y cartón, cortaúñas, empujadores de cutícula, cremas para manos y pies, kits de manicure y pedicure completos, piedra pómez, sales de baño para pies y exfoliantes de talones.""";;
"52,Personal Care Products,Productos de Higiene y Cuidado Personal,""Envío de artículos de higiene y cuidado personal: desodorantes en barra, roll-on y spray, jabones de tocador, gel de ducha, cremas corporales, toallas sanitarias y tampones, papel higiénico de tres capas, hisopos de algodón, cortadores de barba, kits de higiene íntima y productos para higiene femenina.""";;
"53,Shaving & Hair Removal Products,Productos de Afeitado y Depilación,""Envío de productos de afeitado y depilación: rasuradoras manuales de hoja múltiple y eléctricas oscilantes y de lámina, geles y cremas de afeitar, ceras de depilar en bandas frías y cálidas, aparatos de cera tibia, espumas postafeitado, cremas depilatorias, pinzas de depilar, removedores láser IPL domésticos y recortadoras de barba y vello corporal.""";;
"54,Computer Servers,Servidores de Cómputo,""Envío de servidores y equipos de cómputo empresarial: servidores en rack, blade servers, servidores torre, equipos NAS de alta capacidad, unidades de proceso GPU para data centers, switches de fibra óptica empresariales, racks y gabinetes metálicos, UPS de alta potencia y componentes de servidor como módulos de memoria ECC.""";;
"55,Data Storage,Almacenamiento de Datos,""Envío de dispositivos de almacenamiento de datos: discos duros HDD de escritorio y portátiles, unidades SSD SATA y NVMe M.2, memorias USB de alta velocidad, tarjetas microSD y SD de distintas capacidades, arreglos RAID externos, unidades de cinta magnética LTO, unidades ópticas Blu-ray y discos ópticos de archivado.""";;
"56,Computer Monitors,Monitores de Computadora,""Envío de monitores y pantallas para computadora: monitores LED, IPS, OLED y 4K";" pantallas para gaming con alta tasa de refresco (144Hz, 240Hz), monitores ultrawide, monitores con panel táctil, pantallas para diseño gráfico de amplio gamut de color, soportes articulados para monitor y cables DisplayPort y HDMI.""";
"57,Computers & Tablets,Computadoras y Tabletas,""Envío de equipos de cómputo: computadoras de escritorio tipo tower y all-in-one, laptops ultradelgadas, laptops para gaming con GPU dedicada, Chromebooks, tablets Android e iOS, tablets 2-en-1 con teclado desmontable y tablets con pantalla de tinta electrónica.""";;
"58,Tablet Replacement Parts,Repuestos para Tabletas,""Envío de refacciones para tabletas: pantallas y touch screens de repuesto, baterías, conectores de carga, cámaras traseras y frontales, altavoces internos, botones de encendido y volumen, marcos y carcasas y herramientas de reparación.""";;
"60,Computer Networking,Redes de Computadoras,""Envío de equipos de red: routers inalámbricos Wi-Fi 6 y 6E, switches administrables y no administrables, puntos de acceso empresariales, tarjetas de red PCI-e y USB, cables de red Cat5e, Cat6 y Cat7, módems fibra óptica, extenders y repetidores de señal, convertidores de fibra y patch panels.""";;
"63,Computer Components,Componentes de Computadora,""Envío de componentes internos para PC: procesadores Intel Core i y AMD Ryzen, tarjetas madre ATX e ITX, módulos de memoria RAM DDR4 y DDR5, tarjetas gráficas NVIDIA y AMD, fuentes de poder modulares y no modulares, gabinetes de PC con ventilación, disipadores de calor, pasta térmica y sistemas de enfriamiento líquido AIO.""";;
"64,Tablet Accessories,Accesorios para Tabletas,""Envío de accesorios para tabletas: fundas y teclados Bluetooth para iPad y Android, lápices stylus activos, protectores de pantalla de vidrio templado, soportes de escritorio, hubs USB-C para tablet, cables de carga tipo C, auriculares y adaptadores de audio.""";;
"65,Laptop Accessories,Accesorios para Laptops,""Envío de accesorios para laptops: bases de refrigeración con ventiladores, hubs USB y docking stations multiconector, ratones inalámbricos y con cable, teclados externos, fundas acolchadas, soportes ergonómicos, candados de seguridad Kensington, filtros de privacidad para pantalla y cables de alimentación universales.""";;
"66,Computer External Components,Periféricos y Componentes Externos de Computadora,""Envío de periféricos externos para PC: teclados mecánicos y de membrana, ratones ópticos y láser para gaming y oficina, webcams HD y 4K, micrófonos de condensador USB, altavoces de escritorio, impresoras de inyección y láser, escáneres de cama plana, drawing tablets y lectores de tarjetas de memoria.""";;
"68,Wearable Technology,Tecnología Vestible,""Envío de tecnología portátil: smartwatches con GPS y monitor cardiaco, pulseras de actividad fitness tracker, relojes inteligentes para niños, gafas inteligentes, anillos de salud, ropa con sensores biométricos integrados y audífonos inteligentes con cancelación activa de ruido.""";;
"69,Televisions & Video Products,Televisores y Productos de Video,""Envío de televisores y equipos de video: smart TVs 4K y 8K OLED, QLED y LED en distintos tamaños, proyectores de tiro largo y ultracorto, barras de sonido soundbar, decodificadores streaming como Roku, Fire TV y Chromecast, receptores de cable y satélite, reproductores Blu-ray 4K y antenas digitales HD.""";;
"70,GPS & Navigation,GPS y Navegación,""Envío de dispositivos GPS y navegación: navegadores GPS portátiles para auto, GPS de mano para senderismo y montañismo, GPS marino, rastreadores GPS vehiculares en tiempo real, dispositivos de rastreo personal y para mascotas, y actualizaciones de mapas en tarjeta SD.""";;
"71,Headphones & Earbuds,Audífonos y Auriculares,""Envío de auriculares y audífonos: auriculares over-ear con cancelación activa de ruido (ANC), headphones on-ear inalámbricos y con cable, earbuds true wireless (TWS) con estuche de carga, audífonos gaming con micrófono, auriculares para monitoreo de estudio y audífonos deportivos resistentes al sudor.""";;
"72,Office Electronics,Electrónica de Oficina,""Envío de electrónica de oficina: impresoras multifuncionales de inyección y láser en color y blanco/negro, fotocopiadoras, escáneres de documentos de alta velocidad, máquinas encuadernadoras, destructoras de papel, calculadoras científicas y financieras, proyectores para presentaciones y teléfonos IP.""";;
"73,Portable Audio & Video,Audio y Video Portátil,""Envío de equipos de audio y video portátiles: bocinas Bluetooth con resistencia a agua IPX, reproductores de MP3 y MP4, walkies talkies, radios AM/FM portátiles, grabadoras de voz digitales, reproductores de CD portátiles y cámaras de acción para deporte tipo GoPro.""";;
"74,eBook Readers & Accessories,Lectores de Libros Electrónicos y Accesorios,""Envío de lectores de libros electrónicos y accesorios: e-readers Kindle y Kobo con pantalla de tinta electrónica E-ink, fundas de cuero y tela para e-reader, cargadores y cables USB-C, protectores de pantalla, luces de lectura portátiles y tarjetas de contenido digital.""";;
"75,Cell Phones & Accessories,Teléfonos Celulares y Accesorios,""Envío de teléfonos móviles y accesorios: smartphones Android y iPhone de gama alta, media y básica";" fundas protectoras tipo wallet, bumper y transparentes, vidrios templados y láminas protectoras, cargadores inalámbricos y por cable de carga rápida, baterías externas powerbank, soportes para auto y escritorio, y cables Lightning, USB-C y micro USB.""";
"76,Accessories & Supplies,Accesorios y Suministros Electrónicos,""Envío de accesorios y suministros electrónicos variados: regletas eléctricas con protector de sobretensión, extensiones eléctricas, adaptadores de corriente universales, pilas alcalinas AA, AAA y de 9V, baterías recargables con cargador, limpiadores de pantalla y suministros de mantenimiento electrónico.""";;
"77,Video Projectors,Proyectores de Video,""Envío de proyectores de video: proyectores DLP y LCD para presentaciones de negocios, proyectores 4K para cine en casa, mini proyectores portátiles LED, proyectores láser de ultra alta resolución, pantallas de proyección enrollable y fija, y accesorios como soportes de techo y cables HDMI.""";;
"78,Vehicle Electronics,Electrónica para Vehículos,""Envío de electrónica para vehículos: dashcams full HD y 4K, cámaras de reversa con pantalla, sistemas de navegación GPS para empotrar, reproductores multimedia con Android Auto, sensores de aparcamiento ultrasónicos, sistemas de arranque remoto y trackers GPS vehiculares.""";;
"79,Camera & Photo,Cámaras y Fotografía,""Envío de equipo fotográfico: cámaras réflex DSLR y sin espejo mirrorless, lentes de distancia focal fija y zoom, flashes externos y anillos de luz LED, trípodes de aluminio y carbono, filtros ND y polarizadores, mochilas para cámara, tarjetas de memoria de alta velocidad, baterías y cargadores de repuesto y estabilizadores gimbal.""";;
"80,Security & Surveillance Equipment,Equipos de Seguridad y Videovigilancia,""Envío de equipos de vigilancia y seguridad: cámaras IP de interior y exterior con visión nocturna, DVR y NVR para grabación de circuito cerrado, cámaras de timbre inteligente, sensores de movimiento PIR, alarmas para hogar y negocio, cerraduras de control de acceso, cajas fuertes y alambres perimetrales.""";;
"81,Computers,Computadoras,""Envío de computadoras personales: desktops de torre, computadoras all-in-one con monitor integrado, mini PCs compactos, workstations de alto rendimiento para diseño y render, y computadoras de uso educativo.""";;
"82,Home Audio & Theater Products,Audio y Cine en Casa,""Envío de equipos de audio y cine en casa: sistemas de home theater 5.1 y 7.1 con subwoofer, amplificadores estéreo y AV receivers, bocinas de torre y bookshelf, subwoofers de piso, barras de sonido soundbar con Dolby Atmos, reproductores de alta fidelidad (Hi-Fi) y tocadiscos de vinilo.""";;
"83,Video Game Consoles & Accessories,Consolas de Videojuegos y Accesorios,""Envío de consolas y accesorios gaming: controles inalámbricos y con cable, headsets gaming con micrófono, sillas gamer ergonómicas, soportes para consola, tarjetas de memoria y almacenamiento adicional, volantes de simulación, mandos arcade y auriculares surround 7.1.""";;
"84,Boys' Clothing,Ropa para Niños,""Envío de ropa para niños: camisetas, camisas de manga corta y larga, pantalones de mezclilla y deportivos, shorts, buzos, sudaderas con capucha, pijamas de dos piezas, trajes de baño y conjuntos casuales y de vestir.""";;
"87,Boys' Accessories,Accesorios para Niños,""Envío de accesorios de vestir para niños: cinturones de cuero y tela, gorras de béisbol y snapback, bufandas, guantes de invierno, lentes de sol, mochilas escolares, billeteras y corbatas y corbatines para ocasiones especiales.""";;
"88,Boys' Jewelry,Joyería para Niños,""Envío de joyería y bisutería para niños: pulseras de hilo y cuero, cadenas y medallas de acero inoxidable, aretes hipoalergénicos, collares con dije y sets de joyería temática para niños.""";;
"89,Boys' Watches,Relojes para Niños,""Envío de relojes para niños: relojes digitales resistentes al agua, relojes análogos educativos para aprender la hora, smartwatches infantiles con GPS y cámara, y relojes deportivos de colores brillantes.""";;
"90,Boys' Shoes,Calzado para Niños,""Envío de calzado para niños: tenis deportivos con cierre velcro y agujetas, zapatos de vestir de cuero, botas de agua impermeables, zapatos escolares, sandalias de verano y pantuflas de interior.""";;
"91,Girls' Clothing,Ropa para Niñas,""Envío de ropa para niñas: vestidos casual y de fiesta, faldas plisadas, blusas y tops, leggins, conjuntos de chándal, cardigans, pijamas de algodón, trajes de baño de una y dos piezas y conjuntos de uniforme.""";;
"94,Girls' Accessories,Accesorios para Niñas,""Envío de accesorios para niñas: diademas con moño y flores, ligas y coletas para el cabello, broches y pasadores decorativos, bolsos pequeños de mano, bufandas, gorras de colores y mochilas escolares con diseños.""";;
"95,Girls' Jewelry,Joyería para Niñas,""Envío de joyería para niñas: sets de aretes y collares de fantasía, pulseras de charms, anillos de plata de ley con piedras, kits de joyería para hacer en casa y sets de bisutería temáticos.""";;
"96,Girls' Watches,Relojes para Niñas,""Envío de relojes para niñas: relojes análogos con correa de silicona de colores, smartwatches infantiles con cámara y juegos, relojes digitales impermeables y relojes con diseños de personajes.""";;
"97,Girls' Shoes,Calzado para Niñas,""Envío de calzado para niñas: zapatillas con purpurina, tenis deportivos con velcro, bailarinas planas, botas de agua con diseños, sandalias con strass, zapatos de charol para ceremonias y pantuflas peludas.""";;
"98,Girls' School Uniforms,Uniformes Escolares para Niñas,""Envío de uniformes escolares para niñas: faldas plisadas, vestidos de cuadros, blusas blancas de manga corta y larga, chaquetas escolares, medias y calcetines de uniforme y conjuntos completos de colegial.""";;
"99,Travel Duffel Bags,Bolsas de Viaje Tipo Duffel,""Envío de bolsas de viaje tipo duffel: bolsos de lona y nylon para gym y fines de semana, duffels con ruedas y asa telescópica, bolsas militares de gran capacidad, duffels impermeable para deportes acuáticos y bolsos plegables de viaje.""";;
"100,Messenger Bags,Bolsas Mensajero y Bandoleras,""Envío de bolsas mensajero y bandoleras: bolsas de cuero genuino y sintético, mensajeros de lona con solapa, bandoleras para laptop de hasta 15 pulgadas, bolsos de reportero con múltiples bolsillos y bolsas de ciclismo con cierre magnético.""";;
"101,Travel Tote Bags,Bolsas Tote de Viaje,""Envío de bolsas tote de viaje: tote bags de lona extra grandes con bolsillo interno, bolsas de compras plegables, totes de cuero para trabajo y viaje, bolsas de maternidad multifunción y totes de tela ecológica.""";;
"102,Garment Bags,Fundas Portaropa de Viaje,""Envío de fundas y portaropa para viaje: portatrajes de tela no tejida y cuero, fundas largas para vestidos de novia y de noche, fundas con ventana transparente, colgadores de viaje tipo acordeón para múltiples prendas.""";;
"103,Luggage Sets,Sets de Equipaje,""Envío de sets de equipaje coordinados: juegos de 2, 3 y 4 maletas de distintos tamaños en policarbonato y ABS, sets de mochila más maleta, sets con bolsa de aseo incluida y colecciones de luggage con cierre TSA.""";;
"104,Suitcases,Maletas de Viaje,""Envío de maletas de viaje: trolleys rígidos de policarbonato con 4 ruedas 360°, maletas de tela semirrígida, maletas de cabina para low cost, maletas tipo baúl grandes, maletines de mano ejecutivos y maletas infantiles con diseños de personajes.""";;
"105,Travel Accessories,Accesorios de Viaje,""Envío de accesorios de viaje: almohadas inflables y de espuma para cuello, antifaz para dormir, tapones para oídos, organizadores de maleta tipo cubo, fundas para maleta, candados con combinación y TSA, adaptadores eléctricos universales, portadocumentos y cinturones de seguridad de viaje.""";;
"106,Rain Umbrellas,Paraguas y Sombrillas,""Envío de paraguas y sombrillas: paraguas compactos plegables de apertura automática, paraguas de golf de gran tamaño, sombrillas de sol y lluvia, paraguas transparentes tipo burbuja y bastones paraguas con mango de madera.""";;
"107,Backpacks,Mochilas,""Envío de mochilas: mochilas escolares con compartimento acolchado para laptop, mochilas de senderismo y trekking con soporte lumbar, mochilas urbanas de cuero y lona, mochilas antirrobo con bolsillo oculto, mochilas tipo daypack ligeras y mochilas hidratación con manguera para ciclismo.""";;
"108,Luggage,Equipaje,""Envío de equipaje en general: maletas, bolsos de viaje, sets de equipaje, fundas protectoras para maleta, etiquetas de equipaje personalizadas, correas de seguridad y pesas de equipaje.""";;
"109,Laptop Bags,Bolsos y Maletines para Laptop,""Envío de bolsos y maletines para laptop: portafolios de cuero para ejecutivo, maletines de tela acolchados para portátil, mochilas específicas para laptop con puerto USB de carga, fundas tipo sleeve de neopreno y cuero y bolsos de mensajero con funda para laptop.""";;
"110,Men's Clothing,Ropa para Hombre,""Envío de ropa para hombre: camisas de vestir y casual de manga corta y larga, pantalones de vestir y jeans, trajes completos de chaqueta y pantalón, blazers, camisetas de cuello redondo y polo, sudaderas, chaquetas de cuero y cortavientos, ropa interior y calcetines.""";;
"112,Men's Accessories,Accesorios para Hombre,""Envío de accesorios masculinos: corbatas de seda y microfibra, corbatines, pañuelos de bolsillo, cinturones de cuero, suspensores, gemelos de acero, llaveros, billeteras de cuero y monederos.""";;
"113,Men's Watches,Relojes para Hombre,""Envío de relojes para hombre: relojes analógicos de cuarzo y automáticos, cronógrafos deportivos, relojes de buceo con resistencia al agua, smartwatches, relojes de pulsera clásicos de acero inoxidable y relojes con correa de cuero y de caucho.""";;
"114,Men's Shoes,Calzado para Hombre,""Envío de calzado masculino: zapatos de vestir Oxford y derby de cuero, mocasines, tenis deportivos y casual, botas de cuero y de trabajo con punta de acero, sandalias de verano, zapatillas de running y calzado formal para eventos.""";;
"116,Women's Clothing,Ropa para Mujer,""Envío de ropa femenina: vestidos de cocktail, casual y de playa, blusas, tops y camisas, faldas midi y mini, pantalones de vestir y casuales, jeans, leggings, ropa deportiva para yoga y gym, abrigos, chaquetas denim y ropa interior.""";;
"118,Women's Handbags,Bolsos y Carteras para Mujer,""Envío de bolsos femeninos: carteras de cuero y cuero sintético tipo tote, satchel y clutch, bolsos de cadena tipo cross-body, bolsos de diseñador, monederos de piel, mochila de cuero para mujer y bolsos de playa de paja y tela.""";;
"120,Women's Accessories,Accesorios para Mujer,""Envío de accesorios femeninos: pañuelos de seda y cachemir, chales y estolas, sombreros de paja y tela, guantes de cuero, cinturones finos de piel, lentes de sol de ojo de gato y aviador y diademas de lujo.""";;
"121,Women's Watches,Relojes para Mujer,""Envío de relojes femeninos: relojes de cuarzo con correa de malla de acero, relojes con incrustaciones de cristales Swarovski, smartwatches de moda, relojes automáticos delicados de pulsera y relojes de moda con correa intercambiable.""";;
"122,Women's Shoes,Calzado para Mujer,""Envío de calzado femenino: tacones de aguja y cuña, zapatos planos tipo ballerina y mocasín, botines de cuero y ante, botas de caña alta, tenis fashion y deportivos, sandalias con strass y calzado de plataforma.""";;
"123,Women's Jewelry,Joyería para Mujer,""Envío de joyería femenina: aretes de plata de ley y oro, collares tipo gargantilla y cadenas largas con dije, pulseras de hilo y metálicas, anillos de compromiso y de moda, sets de joyería de perlas y piedras semipreciosas y joyería artesanal de plata.""";;
"124,Kids' Furniture,Muebles para Niños,""Envío de muebles para niños: camas nido y literas de madera, escritorios de estudio con cajones, sillas ergonómicas regulables para niño, estantes para juguetes, mesitas de juego y actividades, sofás infantiles y puffs de tela.""";;
"125,Gift Cards,Tarjetas de Regalo,""Envío de tarjetas de regalo físicas: tarjetas de regalo prepagadas de tiendas, restaurantes, plataformas de streaming y servicios digitales, sobres de regalo y presentaciones especiales para obsequio.""";;
"126,Oral Care Products,Productos de Higiene Bucal,""Envío de productos de higiene bucal: cepillos de dientes eléctricos y manuales, cabezales de repuesto, pasta dental blanqueadora y con flúor, hilo dental y palillos interdentales, enjuague bucal, irrigadores orales (waterjet), raspadores de lengua, kits de blanqueamiento dental y protectores bucales.""";;
"127,Vision Products,Productos para el Cuidado de la Vista,""Envío de productos para el cuidado de la vista: lentes de contacto blandos y rígidos, soluciones limpiadoras para lentes de contacto, gafas de lectura de distintos graduados, lentes de sol con protección UV, accesorios como estuches y paños de microfibra, gotas lubricantes oftálmicas y visores de corrección.""";;
"128,Wellness & Relaxation Products,Productos de Bienestar y Relajación,""Envío de productos de bienestar: masajeadores eléctricos de cuello, espalda y pies, pistolas de masaje percutivo, cojines masajeadores con calor, difusores de aceites esenciales ultrasónicos, aceites esenciales de lavanda y eucalipto, velas aromáticas, mantas ponderadas, almohadas ortopédicas y kits de aromaterapia.""";;
"129,Baby & Child Care Products,Productos de Cuidado para Bebés y Niños,""Envío de productos de cuidado e higiene para bebés y niños: cremas hidratantes, shampoo sin lágrimas, toallitas húmedas, pañales, termómetros digitales, aspiradores nasales, kits de manicure infantil y sets de higiene completos.""";;
"130,Household Supplies,Suministros para el Hogar,""Envío de suministros para el hogar: papel de cocina, papel higiénico, bolsas de basura, esponjas y estropajos, detergente líquido y en polvo, suavizante de ropa, desengrasante multiusos, velas y focos de repuesto.""";;
"131,Health Care Products,Productos de Salud,""Envío de productos de salud: termómetros digitales, tensiómetros de brazo y muñeca, glucómetros y tiras reactivas, oxímetros de pulso, vendajes y apósitos, analgésicos y antiinflamatorios de venta libre, vitaminas y minerales, botiquín de primeros auxilios y anticonceptivos.""";;
"132,Diet & Sports Nutrition,Nutrición Deportiva y Dietética,""Envío de suplementos y nutrición deportiva: proteína de suero (whey) en polvo, caseína micelar, ganadores de masa, creatina monohidrato, pre-entrenos y BCAA, barritas proteicas, quemadores de grasa, colágeno hidrolizado, omega-3 y multivitamínicos deportivos.""";;
"133,Home Use Medical Supplies & Equipment,Equipos e Insumos Médicos para Uso en el Hogar,""Envío de equipo médico para el hogar: nebulizadores y aerocámaras, CPAP y BIPAP para apnea del sueño, camas hospitalarias plegables, sillas de ruedas manuales y motorizadas, andadores y muletas, tensiómetros, oxímetros, sillas de baño y barras de apoyo.""";;
"134,Sexual Wellness Products,Productos de Bienestar Sexual,""Envío de productos de bienestar sexual: lubricantes íntimos a base de agua y silicona, condones de distintos tipos, juguetes para adultos de silicona médica, vibradores, estimulantes tópicos, artículos de higiene íntima y kits de bienestar para pareja.""";;
"135,Health & Household,Salud y Hogar,""Envío de artículos de salud, higiene y cuidado del hogar en general, incluyendo productos de limpieza, insumos médicos básicos, suplementos y artículos de bienestar familiar.""";;
"136,Sports Nutrition Products,Productos de Nutrición Deportiva,""Envío de suplementos para deportistas: proteínas de suero, caseína, proteína vegetal, aminoácidos esenciales, creatina, pre-entrenos, recuperadores musculares, barritas energéticas, bebidas isotónicas en polvo y colágeno deportivo.""";;
"137,Stationery & Gift Wrapping Supplies,Papelería e Insumos para Envoltura de Regalos,""Envío de papelería y envoltura: cuadernos, libretas y agendas, bolígrafos y plumas, marcadores, cintas adhesivas y washi tape, folders y carpetas, papel de regalo, cajas de regalo y materiales para empaque decorativo.""";;
"138,Commercial Door Products,Productos de Puertas Comerciales,""Envío de puertas y productos para acceso comercial: puertas corredizas de acero, puertas de impacto para bodegas, puertas enrollables metálicas, manijas de palanca y pomo comerciales, cierres automáticos hidráulicos, sensores de apertura y accesorios de herraje para puerta industrial.""";;
"139,Power Transmission Products,Productos de Transmisión de Potencia,""Envío de componentes de transmisión industrial: correas de transmisión en V y dentadas, cadenas de rodillos, poleas y sprockets, acoplamientos flexibles y rígidos, reductores de velocidad, variadores de velocidad, cardanes y juntas universales.""";;
"140,Industrial Materials,Materiales Industriales,""Envío de materiales industriales: láminas de acero inoxidable, aluminio y cobre, barras redondas y cuadradas, perfiles de acero estructural, tubería de acero y PVC, planchas de policarbonato y acrílico, madera contrachapada industrial y resinas industriales.""";;
"141,Industrial Hardware,Herrajes y Ferretería Industrial,""Envío de herrajes y ferretería industrial: bisagras de acero pesado, pasadores y seguros industriales, cadenas de acero, ganchos de carga, cables de acero, polipastos manuales, grilletes y aparejo de izaje.""";;
"142,Abrasive & Finishing Products,Productos Abrasivos y de Acabado,""Envío de productos abrasivos y de acabado: discos de lija de aluminio y zirconio para amoladora, lijas de papel en distintos granos, discos de desbaste y corte, esponjas abrasivas, lana de acero, pastas de pulir y lustrar, compuestos para abrillantar y cintas abrasivas para lijadoras de banda.""";;
"143,""Industrial Adhesives, Sealants & Lubricants"",""Adhesivos, Selladores y Lubricantes Industriales"",""Envío de adhesivos y lubricantes industriales: adhesivo epóxico bicomponente, cianoacrilato industrial, sellador de silicona para alta temperatura, sellante de roscas (Loctite), grasa NLGI multiusos, aceite de corte y taladrina, desmoldante industrial y cintas de teflón.""";;
"144,Material Handling Products,Equipos para Manejo de Materiales,""Envío de equipos para manejo de materiales: patines hidráulicos manuales y eléctricos, montacargas de horquilla, carretillas de plataforma y de mano, transpaletas, contenedores metálicos y de plástico, cintas transportadoras de banda y básculas industriales de plataforma.""";;
"145,""Test, Measure & Inspect"",""Instrumentos de Medición, Prueba e Inspección"",""Envío de instrumentos de medición e inspección: multímetros digitales y analógicos, pinzas amperimétricas, osciloscopios, calibradores vernier y micrómetros, durómetros, medidores de espesor por ultrasonido, cámaras termográficas, detectores de gases y equipos de análisis de vibraciones.""";;
"146,Industrial Power & Hand Tools,Herramientas Eléctricas y Manuales Industriales,""Envío de herramientas industriales: taladros de columna, fresadoras, tornos y sierras de cinta industriales";" amoladoras angulares profesionales, llaves de impacto neumáticas e hidráulicas, cortadoras de plasma, esmeriles de banco y kits de herramientas manuales de alta resistencia.""";
"147,""Hydraulics, Pneumatics & Plumbing"",""Hidráulica, Neumática y Plomería Industrial"",""Envío de componentes hidráulicos, neumáticos y de plomería: cilindros hidráulicos, válvulas de solenoide y de control de presión, mangueras de alta presión, compresores de tornillo y de pistón, racores neumáticos, tubería de cobre y acero inoxidable, válvulas de globo y check y bombas centrífugas.""";;
"148,Filtration,Filtración Industrial,""Envío de sistemas y elementos filtrantes: filtros de cartucho y de bolsa para agua industrial, filtros HEPA para aire, separadores de agua-aceite, cartuchos para ósmosis inversa, filtros de aceite para maquinaria pesada, coalescedores y filtros de mangas para extracción de polvo.""";;
"149,Electronic Components,Componentes Electrónicos,""Envío de componentes electrónicos: resistencias, capacitores electrolíticos y cerámicos, transistores BJT y MOSFET, circuitos integrados, microcontroladores Arduino y Raspberry Pi, LEDs y displays, conectores y terminales, protoboards, módulos de relé y kits de electrónica para proyectos.""";;
"150,Lab & Scientific Products,Productos de Laboratorio y Científicos,""Envío de material de laboratorio: probetas, vasos de precipitado y matraces Erlenmeyer de vidrio borosilicatado, pipetas y micropipetas, centrífugas, microscopios ópticos y electrónicos, reactivos químicos, kits de análisis de suelo y agua, agitadores magnéticos y hornos de secado.""";;
"151,Janitorial & Sanitation Supplies,Suministros de Limpieza e Higienización,""Envío de suministros de limpieza e higienización industrial: detergentes industriales en galón, desinfectantes y sanitizantes para superficies y manos, escobas y fregonas industriales, trapeadores de microfibra, dispensadores de jabón y papel, papeleras y contenedores de residuos peligrosos, y aspiradoras industriales.""";;
"152,Occupational Health & Safety Products,Productos de Seguridad y Salud Ocupacional,""Envío de equipo de protección personal (EPP): cascos de seguridad con ratchet, lentes de seguridad panorámicos, respiradores FFP2 y FFP3, guantes de nitrilo, látex y cuero, calzado de seguridad con puntera de acero, arneses anticaídas, tapones auditivos, chalecos reflectivos y señalización de seguridad.""";;
"153,Cutting Tools,Herramientas de Corte,""Envío de herramientas de corte industrial: brocas de acero de alta velocidad (HSS) y de carburo, fresas de tungsteno, sierras circulares de carburo, cuchillas de torno, fresas de acabado, discos de corte de diamante y kits de brocas para metal, madera y concreto.""";;
"154,Fasteners,Sujetadores y Fijaciones,""Envío de sujetadores y elementos de unión: tornillos de cabeza hexagonal, allen y Phillips en acero y acero inoxidable, tuercas, arandelas, pernos de anclaje, remaches ciegos, espárragos roscados, pasadores de chaveta, grapas y grampas industriales.""";;
"155,Science Education Supplies,Materiales Educativos de Ciencias,""Envío de materiales didácticos para ciencias: kits de experimentos de química, física y biología";" microscopios escolares, globos terráqueos, maquetas del sistema solar, sets de disección, reactivos seguros para aula, imanes de neodimio y didácticos, y kits de robótica educativa.""";
"156,Food Service Equipment & Supplies,Equipos e Insumos para Servicio de Alimentos,""Envío de equipos para servicio de alimentos: hornos de convección y pizzeros comerciales, mesas de trabajo en acero inoxidable, refrigeradores verticales de exhibición, licuadoras industriales, cortadoras de fiambre, menaje de restaurante, uniformes de cocina y suministros desechables biodegradables.""";;
"157,Additive Manufacturing Products,Productos de Manufactura Aditiva e Impresión 3D,""Envío de equipos y materiales para fabricación aditiva: impresoras 3D FDM, SLA y SLS"; filamentos PLA, ABS, PETG, TPU y nylon;" resinas fotopoliméricas, bases de impresión, software de laminado (slicer), boquillas de repuesto, espátulas y kits de mantenimiento para impresora 3D."""
"158,Professional Medical Supplies,Insumos Médicos Profesionales,""Envío de insumos médicos profesionales: guantes de nitrilo y látex sin polvo, jeringas desechables, catéteres, sondas nasogástricas, equipos de venoclisis, tensiómetros profesionales, estetoscopios, electrodos desechables, agujas hipodérmicas y material de sutura.""";;
"159,Professional Dental Supplies,Insumos Dentales Profesionales,""Envío de insumos odontológicos profesionales: turbinas y contraángulos de baja velocidad, fresas de carburo y diamante, resinas compuestas y composites, adhesivos dentinarios, materiales de impresión alginato y silicona, yesos de laboratorio, eyectores desechables, baberos y artículos de esterilización.""";;
"160,Packaging & Shipping Supplies,Insumos de Empaque y Embalaje,""Envío de materiales de empaque y embalaje: cajas de cartón corrugado en distintas medidas, cintas de embalaje reforzada, plástico de burbuja en rollo, espumas de relleno, papel kraft en rollo, fleje de polipropileno, maquinas flejadoras, sobres de papel y burbuja, etiquetas adhesivas y máquinas de retractilado.""";;
"161,Retail Store Fixtures & Equipment,Mobiliario y Equipamiento para Tiendas,""Envío de mobiliario y equipo para tiendas: estanterías metálicas de supermercado, maniquíes de cuerpo completo y medio cuerpo, percheros y exhibidores de ropa, vitrinas de vidrio, mostradores de madera y melanina, sistemas de señalización para punto de venta y cajas registradoras y POS.""";;
"162,Industrial & Scientific,Industrial y Científico,""Envío de productos industriales y científicos variados: equipos de laboratorio, herramientas industriales, materiales de construcción industrial, componentes electrónicos y equipos de protección para entornos industriales y de investigación.""";;
"163,Bath Products,Artículos de Baño,""Envío de artículos de baño: toallas de algodón egipcio y bambu, juegos de toallas de baño, manos y tocador";" cortinas de baño con ganchos, alfombras de baño antideslizantes, accesorios de baño en acero inoxidable (jabonera, portarrollos, toallero), organizadores de ducha y bancos de madera.""";
"164,Bedding,Ropa de Cama,""Envío de ropa de cama: sábanas de percal y microfibra en distintos tamaños (individual, matrimonial, king), edredones y acolchados con relleno de plumas y sintético, almohadas de espuma de memoria y de plumas, protectores de colchón impermeables, colchas de quilting y mantas de polar y tejido.""";;
"165,Home Décor Products,Productos de Decoración para el Hogar,""Envío de decoración para el hogar: cojines decorativos de terciopelo y lino, tapetes y alfombras persas y modernas, velas decorativas y candelabros, marcos de fotos, floreros y centros de mesa, figuras decorativas de cerámica y resina, espejos decorativos, plantas artificiales y atrapasueños.""";;
"166,Furniture,Muebles,""Envío de muebles para el hogar: sofás de tela y cuero, mesas de comedor con sillas, camas matrimoniales y de plaza y media, chifonier y roperos, escritorios de trabajo, librerías y estanterías, sillas de oficina, sillones reclinables y muebles de jardín.""";;
"167,Household Cleaning Supplies,Artículos de Limpieza del Hogar,""Envío de artículos de limpieza doméstica: detergente líquido para ropa, suavizante de telas, quitamanchas, limpiador multiusos en spray, desengrasante de cocina, limpiavidrios, desinfectante de pisos, paste de limpiar baños, escobas, trapeadores, esponjas y bolsas de basura.""";;
"168,Seasonal Décor,Decoración Estacional y de Temporada,""Envío de decoración estacional y de temporada: adornos navideños de Navidad (esferas, figuras de Papá Noel, estrellas), árboles de Navidad artificiales, luces navideñas LED, decoración de Halloween, guirnaldas de Pascua, centros de mesa de Día de Muertos y guirnaldas de flores artificiales para primavera.""";;
"169,Home Lighting & Ceiling Fans,Iluminación y Ventiladores de Techo para el Hogar,""Envío de iluminación y ventilación para el hogar: lámparas de pie y de mesa, plafones y lámparas de techo decorativas, spots empotrables, tiras LED inteligentes, arañas de cristal, ventiladores de techo con y sin luz, ventiladores de pared y portátiles y lámparas de escritorio con LED articulado.""";;
"170,Kitchen & Dining,Cocina y Comedor,""Envío de artículos de cocina y comedor: ollas y sartenes antiadherentes y de acero inoxidable, sets de vajilla de porcelana y cerámica, cubiertos de acero inoxidable, vasos y copas de vidrio, batidoras de mano y de pie, licuadoras, procesadoras de alimentos, electrodomésticos de cocina, cuchillos de chef y tablas de picar.""";;
"171,""Heating, Cooling & Air Quality"",""Calefacción, Enfriamiento y Calidad del Aire"",""Envío de equipos de climatización y calidad del aire: aires acondicionados split, portátiles y de ventana";" calefactores eléctricos y de gas, convectores, purificadores de aire con filtro HEPA y carbón activado, humidificadores y deshumidificadores, ventiladores de torre y termostatos digitales.""";
"172,Kids' Home Store,Artículos del Hogar para Niños,""Envío de artículos del hogar diseñados para niños: muebles infantiles como escritorios y sillas pequeñas, organizadores de juguetes de colores, alfombras de juego con diseños educativos, contenedores de almacenamiento infantiles, cestos de lavandería para niños y decoración temática para habitación infantil.""";;
"173,Home Storage & Organization,Almacenamiento y Organización del Hogar,""Envío de soluciones de almacenamiento: cajas de plástico apilables con tapa, cajones de tela para armario, organizadores de closet con perchas, estanterías metálicas de garaje, contenedores herméticos para despensa, zapateros de múltiples niveles, bolsas de vacío para ropa y kits de organización para cajones de cocina.""";;
"174,Wall Art,Arte para Pared,""Envío de arte para pared: cuadros impresos en lienzo tipo canvas, pinturas al óleo originales, láminas decorativas enmarcadas, vinilos adhesivos decorativos para pared, fotografías artísticas con marco de madera, espejos de pared decorativos, tapices de tela y letras decorativas de metal y madera.""";;
"175,Vacuum Cleaners & Floor Care,Aspiradoras y Cuidado de Pisos,""Envío de aspiradoras y equipos para limpieza de pisos: aspiradoras robot con navegación láser, aspiradoras verticales sin cable inalámbricas, aspiradoras de cilindro con bolsa, aspiradoras en mojado y seco industriales, mopas de vapor eléctrica, fregadoras de pisos con batería y kits de microfibra para fregar.""";;
"176,Ironing Products,Productos de Planchado,""Envío de productos de planchado: planchas de vapor con suela cerámica y de acero inoxidable, centros de planchado con generador de vapor, vaporizadores verticales para ropa en percha, tablas de planchar acolchadas plegables, fundas de repuesto para tabla y almidón en spray.""";;
"177,Party Supplies,Suministros para Fiestas,""Envío de suministros para fiestas: vasos y platos desechables de cartón y plástico, cubiertos biodegradables, manteles de papel y tela, servilletas decoradas, invitaciones impresas, bolsas de sorpresa, piñatas, cohetes de papel, confeti y cotillón variado.""";;
"178,Pet Bird Supplies,Artículos para Aves de Compañía,""Envío de artículos para aves de compañía: jaulas de forja y acero inoxidable, comederos y bebederos para loro y canario, perlas y perchas de madera, juguetes de enriquecimiento, semillas y mezclas de alimento para loros, nidos de mimbre, vitaminas aviares y areneros.""";;
"179,Cat Supplies,Artículos para Gatos,""Envío de productos para gatos: alimento seco y húmedo para felinos, arena absorbente y aglomerante, cajas sanitarias y tapas de privacidad, rascadores de sisal y cartón, camas y cunas de peluche, juguetes de ratón y pluma, arneses y correas para gato, transportadoras y suplementos para pelaje.""";;
"180,Dog Supplies,Artículos para Perros,""Envío de artículos para perros: alimento balanceado seco y húmedo por razas y tamaños, correas de cuero y nylon, arneses y collares antipulgas, camas ortopédicas, jaulas y kennel de viaje, juguetes masticables de caucho, snacks y premios, cepillos de pelo, cortaúñas caninos y ropa para perros.""";;
"181,Fish & Aquatic Pets,Peces y Mascotas Acuáticas,""Envío de suministros para peces y mascotas acuáticas: acuarios de vidrio y acrílico en distintos litros, filtros internos y externos canister, bombas de oxigenación, calentadores de agua termostáticos, sustratos de grava y arena, plantas acuáticas artificiales, alimento en escamas y pellets y kits de prueba de agua.""";;
"182,Horse Supplies,Artículos para Caballos,""Envío de equipos y accesorios para caballos: monturas de cuero de doma y vaquera, bridas y cabezadas, cabrestos, alforjas, mantas para caballo, polo wraps, protectores de patas, casquetes de equitación, botas de montar y suplementos alimenticios equinos.""";;
"183,Reptiles & Amphibian Supplies,Artículos para Reptiles y Anfibios,""Envío de artículos para reptiles y anfibios: terrarios de vidrio con tapa ventilada, lámparas UVB y de calor, termostatos de reptiles, sustratos de corteza, turba y coco, troncos y refugios decorativos, comederos de pinzas, vitaminas y calcio en polvo, y nebulizadores para terrario húmedo.""";;
"184,Small Animal Supplies,Artículos para Animales Pequeños,""Envío de suministros para pequeños animales: jaulas y recintos para conejos, cobayas y hamsters";" ruedas de ejercicio silenciosas, bebederos de bola y comederos de tolva, substrato de virutas de madera sin cedro, bolas de heno, juguetes y tubos de exploración, camitas de algodón y vitaminas para roedores.""";
"185,Smart Home: New Smart Devices,Hogar Inteligente: Nuevos Dispositivos,""Envío de nuevos dispositivos inteligentes para el hogar: gadgets IoT de última generación, paneles de control centralizado, detectores inteligentes de humo y monóxido, sensores de movimiento y apertura de puertas y ventanas conectados a app y nuevos dispositivos del ecosistema Alexa, Google Home y Apple HomeKit.""";;
"186,Smart Home: Voice Assistants and Hubs,Hogar Inteligente: Asistentes de Voz y Hubs,""Envío de asistentes de voz y hubs inteligentes: bocinas Echo Dot, Echo y Echo Show de Amazon, Google Home Mini y Nest Hub, Apple HomePod mini, controladores centrales Zigbee y Z-Wave y bridges para integración de distintos ecosistemas.""";;
"187,Smart Home: Smart Locks and Entry,Hogar Inteligente: Cerraduras y Control de Acceso,""Envío de cerraduras y sistemas de acceso inteligentes: cerraduras digitales con huella dactilar, código PIN y Bluetooth";" porteros automáticos con video (video doorbell), lectores de tarjeta RFID, timbres inteligentes, sistemas de intercomunicación IP y kits de control de acceso para empresas y hogares.""";
"188,Smart Home: Home Entertainment,Hogar Inteligente: Entretenimiento en Casa,""Envío de equipos de entretenimiento para hogar inteligente: smart TVs con control por voz, barras de sonido compatibles con Alexa y Google, reproductores de streaming como Fire TV Stick y Chromecast, sistemas de audio multiroom y mandos universales programables.""";;
"189,Smart Home: WiFi and Networking,Hogar Inteligente: WiFi y Redes,""Envío de equipos de red para hogar inteligente: sistemas de malla Wi-Fi (mesh) como Eero, Google Nest WiFi y TP-Link Deco";" routers Wi-Fi 6 y 6E, extenders de señal, PLCs (powerline), puntos de acceso para exteriores y switches para red doméstica.""";
"190,Smart Home: Security Cameras and Systems,Hogar Inteligente: Cámaras y Sistemas de Seguridad,""Envío de cámaras y sistemas de seguridad inteligentes: cámaras IP de interior y exterior con visión nocturna y detección de movimiento, cámaras de batería inalámbricas, videoporteros, sistemas NVR con disco duro, cámaras PTZ motorizadas y kits de seguridad completos con app móvil.""";;
"191,Smart Home: Lighting,Hogar Inteligente: Iluminación,""Envío de iluminación inteligente: focos LED inteligentes compatibles con Alexa y Google (Philips Hue, LIFX, Sengled), tiras LED RGB Wi-Fi, interruptores inteligentes, paneles de luz inteligente y controladores de luz por voz y app.""";;
"192,Smart Home: Plugs and Outlets,Hogar Inteligente: Enchufes y Contactos,""Envío de enchufes y contactos inteligentes: enchufes Wi-Fi con monitoreo de consumo energético, regletas inteligentes con control individual por app, temporizadores programables, adaptadores smart de tipo europeo y americano y enchufes con puerto USB integrado.""";;
"193,Smart Home: Vacuums and Mops,Hogar Inteligente: Aspiradoras y Mopas Robóticas,""Envío de robots de limpieza inteligentes: aspiradoras robot con mapeo láser LiDAR, mopas robotizadas con depósito de agua, combos aspiradora-fregadora, bases de vaciado automático y accesorios y repuestos para robots Roomba, Roborock y Ecovacs.""";;
"194,Smart Home Thermostats - Compatibility Checker,Hogar Inteligente: Termostatos Inteligentes,""Envío de termostatos inteligentes y verificación de compatibilidad: termostatos Nest Learning, Ecobee y Honeywell Home con control por voz y app, termostatos programables digitales, sensores de habitación adicionales y guías de instalación.""";;
"195,Smart Home: Lawn and Garden,Hogar Inteligente: Jardín y Exteriores,""Envío de soluciones inteligentes para jardín: sistemas de riego inteligente por zonas con app y sensor de lluvia, cortadoras de césped robóticas, aspersores conectados, controladores de jardín Rachio y RainBird y sensores de humedad de suelo.""";;
"196,Smart Home: Other Solutions,Hogar Inteligente: Otras Soluciones,""Envío de otras soluciones inteligentes para el hogar: monitores de calidad del aire interior, sensores de agua y fugas, estaciones meteorológicas inteligentes, dispensadores automáticos de comida para mascotas y dispensadores de jabón sin contacto.""";;
"197,Smart Home - Heating & Cooling,Hogar Inteligente: Calefacción y Enfriamiento,""Envío de sistemas inteligentes de calefacción y enfriamiento: termostatos inteligentes con geolocalización, aires acondicionados portátiles con control Wi-Fi, calefactores inteligentes con programación, ventiladores de techo con control por app y kits de control de VRF inteligente.""";;
"198,Sports & Fitness,Deportes y Acondicionamiento Físico,""Envío de equipo deportivo y de fitness: mancuernas, barras y discos de pesas, kettlebells, bandas elásticas de resistencia, colchonetas de yoga y pilates, bicicletas estáticas y elípticas para casa, cintas de correr, máquinas de remo, cuerdas de saltar, guantes de box y equipos de entrenamiento funcional.""";;
"199,Outdoor Recreation,Recreación al Aire Libre,""Envío de equipo para actividades al aire libre: tiendas de campaña y sleeping bags, sillas y mesas plegables de camping, linternas y lámparas de gas, cocinas portátiles de camping, kayaks y tablas de paddle surf (SUP), mochilas de hidratación, brújulas y mapas topográficos, binoculares y equipos de escalada.""";;
"200,Sports & Outdoors,Deportes y Actividades al Aire Libre,""Envío de artículos deportivos y para exteriores en general: ropa técnica de alto rendimiento, calzado deportivo, equipos para múltiples deportes, protecciones, pelotas, raquetas, palos de golf, esquíes y artículos de recreación al aire libre.""";;
"201,Home Appliances,Electrodomésticos,""Envío de electrodomésticos para el hogar: refrigeradores de una y dos puertas, lavadoras de carga frontal y superior, secadoras de ropa, lavavajillas, microondas, hornos de convección, cocinas de gas y eléctricas, campanas de cocina y pequeños electrodomésticos.""";;
"203,Pumps & Plumbing Equipment,Bombas y Equipos de Plomería,""Envío de bombas y equipo de plomería: bombas centrífugas de agua para cisterna, bombas sumergibles, bombas dosificadoras, bombas booster de presión, medidores de agua, válvulas de bola y de mariposa, tuberías y conexiones de PVC y cobre, llaves de paso y flotadores de cisterna.""";;
"204,""Paint, Wall Treatments & Supplies"",""Pinturas, Tratamientos de Pared e Insumos"",""Envío de pinturas y tratamientos para paredes: pintura de vinilo acrílica para interior y exterior en cubeta y galón, pintura anticorrosivo, esmalte sintético, sellador para paredes, yeso y masilla corrida, papeles tapiz, lijas de pared, rodillos y brochas de pintar y cinta de enmascarar.""";;
"205,Safety & Security,Seguridad y Protección,""Envío de productos de seguridad: alarmas para hogar y negocio, detectores de humo y monóxido, cajas fuertes digitales, extintores de polvo ABC, linternas de emergencia, candados de alta seguridad, seguros adicionales para puertas y ventanas y botiquines de emergencia.""";;
"206,Light Bulbs,Focos y Bombillas,""Envío de focos y bombillas: bombillas LED de distintas potencias y temperaturas de color, focos halógenos de repuesto, tubos fluorescentes T8 y T5, focos inteligentes regulables, reflectores LED PAR y GU10 y bombillas filamento Edison decorativas.""";;
"207,Power Tools & Hand Tools,Herramientas Eléctricas y Manuales,""Envío de herramientas eléctricas y manuales: taladros percutores y atornilladores a batería, sierras circulares y de calar, lijadoras orbitales, amoladoras angulares, clavadoras neumáticas, llaves inglesas, alicates, destornilladores, sets de llaves de copa, niveles láser y maletines de herramientas completos.""";;
"208,Kitchen & Bath Fixtures,Grifería y Accesorios de Cocina y Baño,""Envío de grifería y accesorios para cocina y baño: grifo monomando de cocina y lavabo, ducha de lluvia y de mano, cabinas de ducha de vidrio templado, fregaderos de acero inoxidable, lavabos de cerámica sobre encimera, inodoros de doble descarga y accesorios de baño de diseño.""";;
"209,Lighting & Ceiling Fans,Luminarias y Ventiladores de Techo,""Envío de luminarias y ventiladores de techo: plafones de LED empotrables, lámparas colgantes tipo industrial y escandinavo, arañas de cristal y metal, apliques de pared, ventiladores de techo con lámpara y control remoto, ventiladores de pie y de torre y tiras LED decorativas.""";;
"210,Electrical Equipment,Equipos Eléctricos,""Envío de equipo eléctrico: cables y conductores eléctricos de distintos calibres, interruptores termomagnéticos, contactores, relés de protección, tableros eléctricos con barras, canaletas y ductos plásticos, enchufes e interruptores de pared, transformadores de voltaje y UPS para equipos.""";;
"211,Hardware,Ferretería y Herrajes,""Envío de ferretería general: tornillos, tuercas y arandelas, bisagras de piano y de puerta, pasadores y cerraduras de puerta, pernos de expansión para concreto, barras roscadas, perchas y colgadores para cuadros, ganchos de pared y juegos de herrajes para muebles.""";;
"212,Building Supplies,Materiales de Construcción,""Envío de materiales de construcción: cemento Portland en bolsa, arena y grava, tablaroca y perfilería de acero, madera de pino y OSB, impermeabilizante en cubeta, malla electrosoldada, bloque de concreto, cerámica y azulejo para piso y pared y pegamento para cerámica.""";;
"213,Measuring & Layout,Herramientas de Medición y Trazado,""Envío de herramientas de medición y trazado: cintas métricas de acero de 5 y 8 metros, niveles de burbuja de aluminio, niveles láser autonivelantes de línea cruzada, escuadras, plomadas, metro de carpintero, calibradores digitales y GPS topográficos de mano.""";;
"214,Welding & Soldering,Soldadura,""Envío de equipo de soldadura: soldadoras MIG/MAG, TIG y por arco eléctrico (SMAW)";" electrodos de acero dulce y inoxidable, alambre de soldadura, antorchas y boquillas de repuesto, máscaras automáticas de soldador, guantes de cuero largos, estaciones de soldadura eléctrica y estaño para electrónica.""";
"215,Tools & Home Improvement,Herramientas y Mejoras del Hogar,""Envío de herramientas y materiales para mejoras del hogar: taladros, sierras, pinturas, herrajes, accesorios de fontanería, cerraduras, artículos de jardinería, escaleras de aluminio y kits de reparación y mantenimiento del hogar.""";;
"216,Kids' Party Supplies,Suministros para Fiestas Infantiles,""Envío de suministros para fiestas infantiles: globos de cumpleaños con personajes animados, manteles temáticos, vasos y platos de cartón con diseño infantil, piñatas, bolsas de sorpresa, conos de papel para golosinas, coronas de cumpleaños, banners personalizados y cohetes y matracas para niños.""";;
"217,Toy Figures & Playsets,Figuras de Juguete y Sets de Juego,""Envío de figuras y playsets: figuras de acción de superhéroes, dinosaurios, soldados y animales a escala, sets de juego temáticos con figuras y escenarios, figuras coleccionables de anime y videojuegos, miniaturas de Warhammer y kits de pintura para figuras.""";;
"218,Novelty Toys & Amusements,Juguetes de Novedad y Broma,""Envío de juguetes de novedad y broma: juguetes de chiste y broma inocente, artículos de magia para niños, yoyos, trompos y diablos, spinners y fidgets, kits de ilusionismo, juguetes de cuerda y de fricción de colores y artículos de diversión para toda la familia.""";;
"219,Arts & Crafts Supplies,Materiales de Arte y Manualidades,""Envío de materiales de arte y manualidades para niños: sets de pintura con acuarelas y pinceles, plastilina y arcilla de colores, kits de mosaico y decoupage, pegamentos en barra y líquido, papeles de colores, tijeras con punta redondeada, sellos de goma y kits de manualidades completos.""";;
"220,Building Toys,Juguetes de Construcción,""Envío de juguetes de construcción: sets de bloques LEGO y compatibles, juegos de bloques magnéticos tipo Magnatiles, kits de construcción de madera, sets de engranajes y mecanismos, juguetes de construcción en foam gigante y juegos de arquitectura infantil.""";;
"221,Dolls & Accessories,Muñecas y Accesorios,""Envío de muñecas y accesorios: muñecas Barbie y similares con sets de ropa y accesorios, muñecas de tela artesanales, muñecos de bebé con cuerpo de tela, casas de muñecas de madera, carriolas de muñeca en miniatura, sets de maquillaje y peinado para muñeca.""";;
"222,Kids' Electronics,Electrónica para Niños,""Envío de electrónica infantil: tablets para niños con control parental y funda resistente, cámaras digitales para niños a prueba de golpes, reproductores de música infantil, robots educativos programables, kits de electrónica básica, relojes de aprendizaje y intercomunicadores de juguete.""";;
"223,Games & Accessories,Juegos y Accesorios,""Envío de juegos de mesa y accesorios: juegos de estrategia, familiares y de cartas como Catan, UNO, Monopoly y Exploding Kittens";" puzles de más de 1000 piezas, juegos de rol RPG, expansiones y accesorios, fichas de casino, dados de colores y organizadores de juegos.""";
"224,Learning & Education Toys,Juguetes Educativos y Didácticos,""Envío de juguetes educativos y didácticos: kits de ciencias con experimentos seguros, ábacos, rompecabezas de letras y números, globos terráqueos interactivos, juegos de memoria y lógica, sets de aprendizaje de idiomas, juguetes Montessori de madera y libros interactivos con sonido.""";;
"225,Kids' Dress Up & Pretend Play,Disfraces y Juego Simbólico Infantil,""Envío de disfraces y juguetes de juego simbólico: disfraces de superhéroe, princesa, hada y animales";" sets de cocina de juguete con vajilla, kits de médico y veterinario de juguete, cajas registradoras de juguete, herramientas de juguete, disfraces profesionales y accesorios de juego de roles.""";
"226,Puppets & Puppet Theaters,""Títeres, Marionetas y Teatros"",""Envío de marionetas y teatros de títeres: títeres de dedo, de mano y de varilla, marionetas de hilo de personajes de cuentos, teatros de madera plegables, telón de fondo y accesorios de escenografía para teatro infantil.""";;
"227,Puzzles,Rompecabezas y Puzzles,""Envío de rompecabezas: puzzles de 100 a 5000 piezas para adultos y niños, rompecabezas 3D de edificios y vehículos, puzzles de piso de grandes piezas para bebés, rompecabezas magnéticos de viaje y puzzles de madera artesanales.""";;
"228,Sports & Outdoor Play Toys,Juguetes Deportivos y de Exterior,""Envío de juguetes deportivos al aire libre: pelotas de fútbol, básquetbol y voleibol infantiles, porterías y canastas de juguete, bates y guantes de béisbol para niños, sets de tenis y bádminton, cometas, parachutes cooperativos, juegos de agua inflables y juegos de lanzamiento.""";;
"229,Stuffed Animals & Plush Toys,Peluches y Animales de Felpa,""Envío de peluches y animales de felpa: osos de peluche de distintos tamaños, animales de felpa con sonido, unicornios y dinosaurios de peluche gigante, almohadas en forma de animales, kits de costura de peluche para hacer en casa y colecciones de personajes de series y películas.""";;
"230,Baby & Toddler Toys,Juguetes para Bebés y Niños Pequeños,""Envío de juguetes para bebés y pequeños: mordedores de silicona y caucho, sonajeros con distintas texturas, gimnasios de actividades con espejo y colgantes, cubos de actividades con formas, sets de encaje de formas y colores, pelotas de tela suave y primeros libros de tela lavables.""";;
"231,""Tricycles, Scooters & Wagons"",""Triciclos, Patinetes y Vagones Infantiles"",""Envío de triciclos, patinetes y vagones para niños: triciclos de metal con empujador para bebés, scooters de dos y tres ruedas con freno trasero, patines de cuatro ruedas para niños, vagones y carretas jalables de metal, carretillas de jardín de juguete y balance bikes sin pedales.""";;
"232,Finger Toys,Juguetes para Dedos y Manos,""Envío de juguetes para manos y dedos: fidget spinners y cubos antiestres, fidget rings y poppers de silicona, juguetes de pellizcado sensorial, conjuntos de mini figuras y juguetes de escritorio para adultos y niños.""";;
"233,Toy Vehicle Playsets,Sets de Pistas y Vehículos de Juguete,""Envío de sets de vehículos de juguete: pistas de coches con curvas y loopings, garajes de varios niveles, sets de ciudad con carreteras y vehículos, pistas de madera tipo Brio y vehículos de construcción en miniatura.""";;
"234,Kids' Play Trains & Trams,Trenes y Tranvías de Juguete,""Envío de trenes de juguete: sets de tren eléctrico con locomotora, vagones y vías circulares, trenes de madera tipo Thomas encajables, tranvías a fricción, sets de ferrocarril temático y accesorios como estaciones, puentes y túneles.""";;
"235,Kids' Play Trucks,Camiones de Juguete,""Envío de camiones de juguete: camiones de volteo y hormigonera de plástico y metal a escala, camiones de bomberos con escalera y luces, camiones de basura que recogen objetos pequeños, sets de construcción con volqueta y excavadora a escala.""";;
"236,Kids' Play Cars & Race Cars,Autos y Coches de Carreras de Juguete,""Envío de coches y autos de carreras de juguete: autos de fricción y a control remoto, sets de pista de carreras eléctrica tipo Scalextric, coches de Fórmula 1 en miniatura, autos de madera empujables para niños pequeños y kits de autos de madera para armar y pintar.""";;
"237,Kids' Play Boats,Barcos y Embarcaciones de Juguete,""Envío de barcos y embarcaciones de juguete: veleros y yates de plástico para la bañera, lanchas a control remoto para piscina, submarinos de juguete, sets náuticos con figuras y accesorios y kayaks inflables en miniatura.""";;
"238,Kids' Play Buses,Autobuses de Juguete,""Envío de autobuses de juguete: bus escolar amarillo de juguete con figura de conductor, autobuses de dos pisos tipo London Bus a escala, camiones de pasajeros a fricción y sets de ciudad con parada de autobús.""";;
"239,Kids' Play Tractors,Tractores de Juguete,""Envío de tractores de juguete: tractores de pedales de metal para niños pequeños, tractores con remolque a escala 1:16, tractores de fricción con implementos agrícolas, tractores a control remoto y sets de granja con tractor, animales y accesorios.""";;
"240,""Slot Cars, Race Tracks & Accessories"",""Slot Cars, Pistas de Carreras y Accesorios"",""Envío de slot cars y accesorios: circuitos de carreras eléctricos tipo Scalextric y Carrera con coches incluidos, pistas de expansión y curvas adicionales, coches de slot de distintas marcas, transformadores, controladores de velocidad y sets de mantenimiento para slot cars.""";;
"241,""Sony PSP Games, Consoles & Accessories"",""Juegos, Consolas y Accesorios Sony PSP"",""Envío de artículos para Sony PSP: consolas PSP 1000, 2000 y 3000 y PSP Go";" cartuchos de juego UMD, memorias Memory Stick Pro Duo, fundas protectoras, baterías de repuesto de alta capacidad, cargadores y cables USB.""";
"242,""Nintendo DS Games, Consoles & Accessories"",""Juegos, Consolas y Accesorios Nintendo DS"",""Envío de artículos para Nintendo DS: consolas DS, DS Lite, DSi y DSi XL";" cartuchos de juego originales, fundas de protección, cargadores y cables, pantallas de repuesto y accesorios varios.""";
"243,""PlayStation 3 Games, Consoles & Accessories"",""Juegos, Consolas y Accesorios PlayStation 3"",""Envío de artículos para PlayStation 3: consolas PS3 Slim y Super Slim, mandos DualShock 3, juegos en formato Blu-ray, cables HDMI, discos duros de repuesto, lentes de limpieza y fundas para consola.""";;
"244,""Wii Games, Consoles & Accessories"",""Juegos, Consolas y Accesorios Nintendo Wii"",""Envío de artículos para Nintendo Wii: consolas Wii y Wii Mini, mandos Wiimote y Nunchuk, sensores de movimiento, juegos en DVD, tablas de balance Wii Balance Board, fundas de silicona y kits de limpieza.""";;
"245,""Xbox 360 Games, Consoles & Accessories"",""Juegos, Consolas y Accesorios Xbox 360"",""Envío de artículos para Xbox 360: consolas Xbox 360 Slim y E, mandos inalámbricos, juegos en DVD, kits de Play and Charge, discos duros de expansión, headsets y kits de streaming.""";;
"248,Mac Games & Accessories,Juegos y Accesorios para Mac,""Envío de juegos y accesorios para Mac: juegos en caja para macOS, ratones Magic Mouse y teclados Magic Keyboard, controladores de juego compatibles con Mac, soportes y periféricos de juego para Mac.""";;
"249,""Nintendo 3DS & 2DS Consoles, Games & Accessories"",""Juegos, Consolas y Accesorios Nintendo 3DS y 2DS"",""Envío de artículos para Nintendo 3DS y 2DS: consolas 3DS, 3DS XL, 2DS, New 3DS y New 2DS XL";" juegos en cartucho, tarjetas microSD, fundas rígidas y de silicona, estilos y accesorios de personalización.""";
"250,Legacy Systems,Consolas y Sistemas Retro,""Envío de consolas retro y sistemas de videojuegos clásicos: consolas SNES, NES, Sega Genesis, Atari 2600, Game Boy original, Color y Advance";" cartuchos originales, mandos de época, cables de video compuesto y scart, y convertidores para televisores modernos.""";
"251,""PlayStation Vita Games, Consoles & Accessories"",""Juegos, Consolas y Accesorios PlayStation Vita"",""Envío de artículos para PlayStation Vita: consolas PS Vita 1000 y 2000, tarjetas de juego propietarias, tarjetas de memoria PS Vita, fundas y protectores de pantalla, cargadores y cables y accesorios de personalización.""";;
"252,""Wii U Games, Consoles & Accessories"",""Juegos, Consolas y Accesorios Wii U"",""Envío de artículos para Wii U: consolas Wii U con GamePad, juegos en disco para Wii U, mandos Pro Controller, cables HDMI, memorias USB de expansión y fundas protectoras.""";;
"253,""PlayStation 4 Games, Consoles & Accessories"",""Juegos, Consolas y Accesorios PlayStation 4"",""Envío de artículos para PlayStation 4: consolas PS4 Slim y Pro, mandos DualShock 4 en distintos colores, juegos en Blu-ray, auriculares gaming, soportes de carga para mandos, cables HDMI y discos duros de 2.5 pulgadas de expansión.""";;
"254,""Xbox One Games, Consoles & Accessories"",""Juegos, Consolas y Accesorios Xbox One"",""Envío de artículos para Xbox One: consolas Xbox One S y X, mandos inalámbricos, juegos en disco, volantes de simulación, headsets, baterías recargables y discos duros externos de expansión.""";;
"255,Video Games,Videojuegos,""Envío de videojuegos en general para distintas plataformas: juegos de acción, aventura, deportes, carreras y RPG en formato físico y tarjetas de descarga digital para múltiples consolas y PC.""";;
"256,Online Video Game Services,Servicios de Videojuegos en Línea,""Envío de tarjetas y servicios digitales para videojuegos: tarjetas de suscripción PlayStation Plus, Xbox Game Pass, Nintendo Switch Online";" tarjetas prepago PSN, Microsoft Store y Nintendo eShop y códigos DLC para expandir juegos.""";
"259,Virtual Reality Hardware & Accessories,Hardware y Accesorios de Realidad Virtual,""Envío de hardware de realidad virtual: visores VR como Meta Quest, PlayStation VR y Valve Index";" controles de movimiento, correas y soportes ergonómicos, protectores faciales de silicona, cables de extensión para VR y estaciones de carga para mandos.""";
"260,""Nintendo Switch Consoles, Games & Accessories"",""Juegos, Consolas y Accesorios Nintendo Switch"",""Envío de artículos para Nintendo Switch: consolas Switch estándar, Switch Lite y Switch OLED";" Joy-Con de distintos colores, Pro Controller, dock de carga, juegos en cartucho, tarjetas microSD, fundas y estuches de viaje y accesorios de juego.""";
"261,""PlayStation 5 Consoles, Games & Accessories"",""Juegos, Consolas y Accesorios PlayStation 5"",""Envío de artículos para PlayStation 5: consolas PS5 estándar y Digital Edition, mandos DualSense en distintos colores, auriculares Pulse 3D, unidades de almacenamiento SSD M.2 compatibles, juegos en Blu-ray 4K, soportes para consola y estaciones de carga.""";;
"262,""Xbox Series X & S Consoles, Games & Accessories"",""Juegos, Consolas y Accesorios Xbox Series X y S"",""Envío de artículos para Xbox Series X y S: consolas Xbox Series X y Series S, mandos inalámbricos de nueva generación, expansiones de almacenamiento Seagate, auriculares Xbox, juegos en disco y suscripciones Xbox Game Pass Ultimate.""";;
"263,PC Games & Accessories,Juegos y Accesorios para PC,""Envío de juegos y accesorios para PC: juegos en caja para Windows, ratones gaming con DPI ajustable, teclados mecánicos para gaming, auriculares con micrófono para PC, volantes y pedales de simulación, joysticks para simulador de vuelo y controladores gamepad para PC.""";;
"264,Baby Girls' Clothing & Shoes,Ropa y Calzado para Bebés Niñas,""Envío de ropa y calzado para bebés niñas: bodies de algodón con flores y lazo, vestiditos de algodón para bebé, conjuntos de pantalón y camiseta, gorros de punto, calcetines con aplicaciones y zapatitos de charol y tela.""";;
"265,Boys' School Uniforms,Uniformes Escolares para Niños,""Envío de uniformes escolares para niños: pantalones grises y azul marino, camisas blancas de manga corta y larga, chaquetas escolares, corbatas y corbatines, cinturones y calcetines y zapatos de cuero negro escolar.""";;
"270,Toys & Games,Juguetes y Juegos,""Envío de juguetes y juegos en general para niños de todas las edades: figuras, muñecas, construcción, juegos de mesa, juguetes electrónicos, juguetes de exterior y materiales de manualidades infantiles.""";;
